lane/path	size	audit file (relative to PLAN)
academic-years/academic-years	desktop	../ux-audit/desktop/admin__academic-years.png
academic-years/academic-years	mobile	../ux-audit/mobile/admin__academic-years.png
academic-years/academic-years_academicYearId	desktop	../ux-audit/desktop/admin__academic-years_academicYearId.png
academic-years/academic-years_academicYearId	mobile	../ux-audit/mobile/admin__academic-years_academicYearId.png
admin/audit-logs	desktop	../ux-audit/desktop/admin__audit-logs.png
admin/audit-logs	mobile	../ux-audit/mobile/admin__audit-logs.png
admin/curriculum-preset	desktop	../ux-audit/desktop/admin__curriculum-preset.png
admin/curriculum-preset	mobile	../ux-audit/mobile/admin__curriculum-preset.png
admin/notifications	desktop	../ux-audit/desktop/admin__notifications.png
admin/notifications	mobile	../ux-audit/mobile/admin__notifications.png
admin/security	desktop	../ux-audit/desktop/admin__security.png
admin/security	mobile	../ux-audit/mobile/admin__security.png
admissions/admissions_applicants	desktop	../ux-audit/desktop/admin__admissions_applicants.png
admissions/admissions_applicants	mobile	../ux-audit/mobile/admin__admissions_applicants.png
admissions/admissions_intakes	desktop	../ux-audit/desktop/admin__admissions_intakes.png
admissions/admissions_intakes	mobile	../ux-audit/mobile/admin__admissions_intakes.png
admissions/admissions_reports	desktop	../ux-audit/desktop/admin__admissions_reports.png
admissions/admissions_reports	mobile	../ux-audit/mobile/admin__admissions_reports.png
attendance/attendance	desktop	../ux-audit/desktop/admin__attendance.png
attendance/attendance	mobile	../ux-audit/mobile/admin__attendance.png
attendance/attendance_register	desktop	../ux-audit/desktop/admin__attendance_register.png
attendance/attendance_register	mobile	../ux-audit/mobile/admin__attendance_register.png
attendance/attendance_reports	desktop	../ux-audit/desktop/admin__attendance_reports.png
attendance/attendance_reports	mobile	../ux-audit/mobile/admin__attendance_reports.png
attendance/attendance_sectionId	desktop	../ux-audit/desktop/admin__attendance_sectionId.png
attendance/attendance_sectionId	mobile	../ux-audit/mobile/admin__attendance_sectionId.png
attendance/attendance_staff	desktop	../ux-audit/desktop/admin__attendance_staff.png
attendance/attendance_staff	mobile	../ux-audit/mobile/admin__attendance_staff.png
attendance/attendance_staff_leave	desktop	../ux-audit/desktop/admin__attendance_staff_leave.png
attendance/attendance_staff_leave	mobile	../ux-audit/mobile/admin__attendance_staff_leave.png
calendar/calendar	desktop	../ux-audit/desktop/admin__calendar.png
calendar/calendar	mobile	../ux-audit/mobile/admin__calendar.png
calendar/calendar-import	desktop	../ux-audit/desktop/admin__calendar_import.png
calendar/calendar-import	mobile	../ux-audit/mobile/admin__calendar_import.png
classes/class-detail	desktop	../ux-audit/desktop/admin__classes_classId.png
classes/class-detail	mobile	../ux-audit/mobile/admin__classes_classId.png
classes/classes-list	desktop	../ux-audit/desktop/admin__classes.png
classes/classes-list	mobile	../ux-audit/mobile/admin__classes.png
communications/communications_batches	desktop	../ux-audit/desktop/accountant__communications_batches.png
communications/communications_batches	mobile	../ux-audit/mobile/accountant__communications_batches.png
communications/communications_batches_batchId	desktop	../ux-audit/desktop/accountant__communications_batches_batchId.png
communications/communications_batches_batchId	mobile	../ux-audit/mobile/accountant__communications_batches_batchId.png
communications/communications_reminders	desktop	../ux-audit/desktop/accountant__communications_reminders.png
communications/communications_reminders	mobile	../ux-audit/mobile/accountant__communications_reminders.png
communications/communications_send	desktop	../ux-audit/desktop/admin__communications_send.png
communications/communications_send	mobile	../ux-audit/mobile/admin__communications_send.png
exams/exams	desktop	../ux-audit/desktop/admin__exams.png
exams/exams	mobile	../ux-audit/mobile/admin__exams.png
exams/exams_seat-plans	desktop	../ux-audit/desktop/admin__exams_seat-plans.png
exams/exams_seat-plans	mobile	../ux-audit/mobile/admin__exams_seat-plans.png
exams/exams_templates	desktop	../ux-audit/desktop/admin__exams_templates.png
exams/exams_templates	mobile	../ux-audit/mobile/admin__exams_templates.png
exams/exams_templates_templateId	desktop	../ux-audit/desktop/admin__exams_templates_templateId.png
exams/exams_templates_templateId	mobile	../ux-audit/mobile/admin__exams_templates_templateId.png
fees/fee-structures	desktop	../ux-audit/desktop/admin__fee-structures.png
fees/fee-structures	mobile	../ux-audit/mobile/admin__fee-structures.png
fees/fees_dues	desktop	../ux-audit/desktop/accountant__fees_dues.png
fees/fees_dues	mobile	../ux-audit/mobile/accountant__fees_dues.png
fees/fees_generate	desktop	../ux-audit/desktop/accountant__fees_generate.png
fees/fees_generate	mobile	../ux-audit/mobile/accountant__fees_generate.png
fees/fees_schedules	desktop	../ux-audit/desktop/accountant__fees_schedules.png
fees/fees_schedules	mobile	../ux-audit/mobile/accountant__fees_schedules.png
fines/fees_fines	desktop	../ux-audit/desktop/accountant__fees_fines.png
fines/fees_fines	mobile	../ux-audit/mobile/accountant__fees_fines.png
fines/fees_fines_rules	desktop	../ux-audit/desktop/accountant__fees_fines_rules.png
fines/fees_fines_rules	mobile	../ux-audit/mobile/accountant__fees_fines_rules.png
guardians/guardians	desktop	../ux-audit/desktop/admin__guardians.png
guardians/guardians	mobile	../ux-audit/mobile/admin__guardians.png
guardians/guardians_guardianId	desktop	../ux-audit/desktop/admin__guardians_guardianId.png
guardians/guardians_guardianId	mobile	../ux-audit/mobile/admin__guardians_guardianId.png
guest/activate	desktop	../ux-audit/desktop/guest__activate.png
guest/activate	mobile	../ux-audit/mobile/guest__activate.png
guest/forgot-password	desktop	../ux-audit/desktop/guest__forgot-password.png
guest/forgot-password	mobile	../ux-audit/mobile/guest__forgot-password.png
guest/i_token	desktop	../ux-audit/desktop/guest__i_token.png
guest/i_token	mobile	../ux-audit/mobile/guest__i_token.png
guest/login	desktop	../ux-audit/desktop/guest__login.png
guest/login	mobile	../ux-audit/mobile/guest__login.png
guest/reset-password	desktop	../ux-audit/desktop/guest__reset-password.png
guest/reset-password	mobile	../ux-audit/mobile/guest__reset-password.png
guest/select-school	desktop	../ux-audit/desktop/admin__select-school.png
guest/select-school	mobile	../ux-audit/mobile/admin__select-school.png
guest/v_token	desktop	../ux-audit/desktop/guest__v_token.png
guest/v_token	mobile	../ux-audit/mobile/guest__v_token.png
guest/verify-email	desktop	../ux-audit/desktop/guest__verify-email.png
guest/verify-email	mobile	../ux-audit/mobile/guest__verify-email.png
homework/academics_homework	desktop	../ux-audit/desktop/admin__academics_homework.png
homework/academics_homework	mobile	../ux-audit/mobile/admin__academics_homework.png
homework/academics_homework_import	desktop	../ux-audit/desktop/admin__academics_homework_import.png
homework/academics_homework_import	mobile	../ux-audit/mobile/admin__academics_homework_import.png
homework/academics_homework_new	desktop	../ux-audit/desktop/admin__academics_homework_new.png
homework/academics_homework_new	mobile	../ux-audit/mobile/admin__academics_homework_new.png
homework/academics_syllabus	desktop	../ux-audit/desktop/admin__academics_syllabus.png
homework/academics_syllabus	mobile	../ux-audit/mobile/admin__academics_syllabus.png
marks/analysis	desktop	../ux-audit/desktop/admin__analysis.png
marks/analysis	mobile	../ux-audit/mobile/admin__analysis.png
marks/grading-scales	desktop	../ux-audit/desktop/admin__grading-scales.png
marks/grading-scales	mobile	../ux-audit/mobile/admin__grading-scales.png
marks/marks	desktop	../ux-audit/desktop/admin__marks.png
marks/marks	mobile	../ux-audit/mobile/admin__marks.png
marks/marks_examId_sectionId_subjectId	desktop	../ux-audit/desktop/admin__marks_examId_sectionId_subjectId.png
marks/marks_examId_sectionId_subjectId	mobile	../ux-audit/mobile/admin__marks_examId_sectionId_subjectId.png
marks/results	desktop	../ux-audit/desktop/admin__results.png
marks/results	mobile	../ux-audit/mobile/admin__results.png
marks/results_examId_studentId	desktop	../ux-audit/desktop/admin__results_examId_studentId.png
marks/results_examId_studentId	mobile	../ux-audit/mobile/admin__results_examId_studentId.png
payments/invoices	desktop	../ux-audit/desktop/accountant__invoices.png
payments/invoices	mobile	../ux-audit/mobile/accountant__invoices.png
payments/invoices_invoiceId	desktop	../ux-audit/desktop/accountant__invoices_invoiceId.png
payments/invoices_invoiceId	mobile	../ux-audit/mobile/accountant__invoices_invoiceId.png
payments/payments	desktop	../ux-audit/desktop/accountant__payments.png
payments/payments	mobile	../ux-audit/mobile/accountant__payments.png
payments/payments_record	desktop	../ux-audit/desktop/accountant__payments_record.png
payments/payments_record	mobile	../ux-audit/mobile/accountant__payments_record.png
platform/holiday-sets	desktop	../ux-audit/desktop/super_admin__holiday-sets.png
platform/holiday-sets	mobile	../ux-audit/mobile/super_admin__holiday-sets.png
platform/schools	desktop	../ux-audit/desktop/super_admin__schools.png
platform/schools	mobile	../ux-audit/mobile/super_admin__schools.png
platform/schools_new	desktop	../ux-audit/desktop/super_admin__schools_new.png
platform/schools_new	mobile	../ux-audit/mobile/super_admin__schools_new.png
platform/schools_schoolId	desktop	../ux-audit/desktop/super_admin__schools_schoolId.png
platform/schools_schoolId	mobile	../ux-audit/mobile/super_admin__schools_schoolId.png
portal/portal	desktop	../ux-audit/desktop/parent__portal.png
portal/portal	mobile	../ux-audit/mobile/parent__portal.png
portal/portal_account	desktop	../ux-audit/desktop/parent__portal_account.png
portal/portal_account	mobile	../ux-audit/mobile/parent__portal_account.png
portal/portal_attendance	desktop	../ux-audit/desktop/parent__portal_attendance.png
portal/portal_attendance	mobile	../ux-audit/mobile/parent__portal_attendance.png
portal/portal_calendar	desktop	../ux-audit/desktop/parent__portal_calendar.png
portal/portal_calendar	mobile	../ux-audit/mobile/parent__portal_calendar.png
portal/portal_exam-schedule	desktop	../ux-audit/desktop/parent__portal_exam-schedule.png
portal/portal_exam-schedule	mobile	../ux-audit/mobile/parent__portal_exam-schedule.png
portal/portal_fees	desktop	../ux-audit/desktop/parent__portal_fees.png
portal/portal_fees	mobile	../ux-audit/mobile/parent__portal_fees.png
portal/portal_programs	desktop	../ux-audit/desktop/parent__portal_programs.png
portal/portal_programs	mobile	../ux-audit/mobile/parent__portal_programs.png
portal/portal_results	desktop	../ux-audit/desktop/parent__portal_results.png
portal/portal_results	mobile	../ux-audit/mobile/parent__portal_results.png
portal/portal_routine	desktop	../ux-audit/desktop/parent__portal_routine.png
portal/portal_routine	mobile	../ux-audit/mobile/parent__portal_routine.png
portal/portal_surveys	desktop	../ux-audit/desktop/parent__portal_surveys.png
portal/portal_surveys	mobile	../ux-audit/mobile/parent__portal_surveys.png
portal/portal_syllabus	desktop	../ux-audit/desktop/parent__portal_syllabus.png
portal/portal_syllabus	mobile	../ux-audit/mobile/parent__portal_syllabus.png
print/print-templates	desktop	../ux-audit/desktop/admin__print-templates.png
print/print-templates	mobile	../ux-audit/mobile/admin__print-templates.png
print/print_preview	desktop	../ux-audit/desktop/admin__print_preview.png
print/print_preview	mobile	../ux-audit/mobile/admin__print_preview.png
programs/programs	desktop	../ux-audit/desktop/admin__programs.png
programs/programs	mobile	../ux-audit/mobile/admin__programs.png
promotions/promotions	desktop	../ux-audit/desktop/admin__promotions.png
promotions/promotions	mobile	../ux-audit/mobile/admin__promotions.png
promotions/promotions_new	desktop	../ux-audit/desktop/admin__promotions_new.png
promotions/promotions_new	mobile	../ux-audit/mobile/admin__promotions_new.png
reports/reports_collections	desktop	../ux-audit/desktop/accountant__reports_collections.png
reports/reports_collections	mobile	../ux-audit/mobile/accountant__reports_collections.png
reports/reports_printables	desktop	../ux-audit/desktop/admin__reports_printables.png
reports/reports_printables	mobile	../ux-audit/mobile/admin__reports_printables.png
routines/routines	desktop	../ux-audit/desktop/admin__routines.png
routines/routines	mobile	../ux-audit/mobile/admin__routines.png
routines/routines_my	desktop	../ux-audit/desktop/admin__routines_my.png
routines/routines_my	mobile	../ux-audit/mobile/admin__routines_my.png
routines/routines_review	desktop	../ux-audit/desktop/admin__routines_review.png
routines/routines_review	mobile	../ux-audit/mobile/admin__routines_review.png
routines/routines_sectionId	desktop	../ux-audit/desktop/admin__routines_sectionId.png
routines/routines_sectionId	mobile	../ux-audit/mobile/admin__routines_sectionId.png
routines/routines_setup	desktop	../ux-audit/desktop/admin__routines_setup.png
routines/routines_setup	mobile	../ux-audit/mobile/admin__routines_setup.png
routines/routines_substitutions	desktop	../ux-audit/desktop/admin__routines_substitutions.png
routines/routines_substitutions	mobile	../ux-audit/mobile/admin__routines_substitutions.png
settings/settings	desktop	../ux-audit/desktop/admin__settings.png
settings/settings	mobile	../ux-audit/mobile/admin__settings.png
settings/settings_academics-finance	desktop	../ux-audit/desktop/admin__settings.png
settings/settings_academics-finance	mobile	../ux-audit/mobile/admin__settings.png
settings/settings_communication	desktop	../ux-audit/desktop/admin__settings.png
settings/settings_communication	mobile	../ux-audit/mobile/admin__settings.png
settings/settings_printing-security-backup	desktop	../ux-audit/desktop/admin__settings.png
settings/settings_printing-security-backup	mobile	../ux-audit/mobile/admin__settings.png
staff/staff	desktop	../ux-audit/desktop/admin__staff.png
staff/staff	mobile	../ux-audit/mobile/admin__staff.png
staff/staff_evaluations	desktop	../ux-audit/desktop/admin__staff_evaluations.png
staff/staff_evaluations	mobile	../ux-audit/mobile/admin__staff_evaluations.png
staff/staff_evaluations_surveys_surveyId	desktop	../ux-audit/desktop/admin__staff_evaluations_surveys_surveyId.png
staff/staff_evaluations_surveys_surveyId	mobile	../ux-audit/mobile/admin__staff_evaluations_surveys_surveyId.png
staff/staff_teaching-assignments	desktop	../ux-audit/desktop/admin__staff_teaching-assignments.png
staff/staff_teaching-assignments	mobile	../ux-audit/mobile/admin__staff_teaching-assignments.png
staff/staff_userId	desktop	../ux-audit/desktop/admin__staff_userId.png
staff/staff_userId	mobile	../ux-audit/mobile/admin__staff_userId.png
staff/staff_userId_acr_assessmentId	desktop	../ux-audit/desktop/admin__staff_userId_acr_assessmentId.png
staff/staff_userId_acr_assessmentId	mobile	../ux-audit/mobile/admin__staff_userId_acr_assessmentId.png
students/students	desktop	../ux-audit/desktop/admin__students.png
students/students	mobile	../ux-audit/mobile/admin__students.png
students/students_import	desktop	../ux-audit/desktop/admin__students_import.png
students/students_import	mobile	../ux-audit/mobile/admin__students_import.png
students/students_new	desktop	../ux-audit/desktop/admin__students_new.png
students/students_new	mobile	../ux-audit/mobile/admin__students_new.png
students/students_studentId	desktop	../ux-audit/desktop/admin__students_studentId.png
students/students_studentId	mobile	../ux-audit/mobile/admin__students_studentId.png
